timestamp,tag,value,color,anomaly,timeline_marker,time_brush_range_input
"4/1/2017, 12:00:00 AM",283eebcb-d267-4a76-8179-a9b33fb87cf2,0.5270898523741157,0.034899497,,,
"4/1/2017, 12:00:00 AM",f6efb480-66a4-475a-84b5-87515cc75e2e,0.3691892551452734,0.052335956,,,
"4/1/2017, 3:00:00 AM",283eebcb-d267-4a76-8179-a9b33fb87cf2,0.5281246516207189,0.069756474,,,
"4/1/2017, 3:00:00 AM",f6efb480-66a4-475a-84b5-87515cc75e2e,0.37067923899291366,0.087155743,,,
"4/1/2017, 6:00:00 AM",283eebcb-d267-4a76-8179-a9b33fb87cf2,0.5282644057566622,0.104528463,,,
"4/1/2017, 6:00:00 AM",f6efb480-66a4-475a-84b5-87515cc75e2e,0.37147137650152373,0.121869343,,,
"4/1/2017, 9:00:00 AM",283eebcb-d267-4a76-8179-a9b33fb87cf2,0.529244902,0.139173101,,,
"4/1/2017, 9:00:00 AM",f6efb480-66a4-475a-84b5-87515cc75e2e,0.3688583858534063,0.156434465,,,
"4/1/2017, 12:00:00 PM",283eebcb-d267-4a76-8179-a9b33fb87cf2,0.5285648917829994,0.173648178,,,
"4/1/2017, 12:00:00 PM",f6efb480-66a4-475a-84b5-87515cc75e2e,0.37185839597343157,0.190808995,,,
"4/1/2017, 3:00:00 PM",283eebcb-d267-4a76-8179-a9b33fb87cf2,0.5293258057637922,0.207911691,,,
"4/1/2017, 3:00:00 PM",f6efb480-66a4-475a-84b5-87515cc75e2e,0.36921988670644906,0.224951054,,,
"4/1/2017, 6:00:00 PM",283eebcb-d267-4a76-8179-a9b33fb87cf2,0.5293277052696186,0.241921896,,,
"4/1/2017, 6:00:00 PM",f6efb480-66a4-475a-84b5-87515cc75e2e,0.3719834834724565,0.258819045,,,
"4/1/2017, 9:00:00 PM",283eebcb-d267-4a76-8179-a9b33fb87cf2,0.5278698514391249,0.275637356,,,
"4/1/2017, 9:00:00 PM",f6efb480-66a4-475a-84b5-87515cc75e2e,0.37075313278736916,0.292371705,,,
"4/2/2017, 12:00:00 AM",283eebcb-d267-4a76-8179-a9b33fb87cf2,0.5283056715914387,0.309016994,,,
"4/2/2017, 12:00:00 AM",f6efb480-66a4-475a-84b5-87515cc75e2e,0.37135563183153275,0.325568154,,,
"4/2/2017, 3:00:00 AM",283eebcb-d267-4a76-8179-a9b33fb87cf2,0.5277915869132245,0.342020143,,,
"4/2/2017, 3:00:00 AM",f6efb480-66a4-475a-84b5-87515cc75e2e,0.3702842270211365,0.35836795,,,
"4/2/2017, 6:00:00 AM",283eebcb-d267-4a76-8179-a9b33fb87cf2,0.527239177,0.374606593,,,
"4/2/2017, 6:00:00 AM",f6efb480-66a4-475a-84b5-87515cc75e2e,0.37080785291577495,0.390731128,,,
"4/2/2017, 9:00:00 AM",283eebcb-d267-4a76-8179-a9b33fb87cf2,0.5280125287225397,0.406736643,,,
"4/2/2017, 9:00:00 AM",f6efb480-66a4-475a-84b5-87515cc75e2e,0.3714010618741235,0.422618262,,,
"4/2/2017, 12:00:00 PM",283eebcb-d267-4a76-8179-a9b33fb87cf2,0.528130972,0.438371147,,,
"4/2/2017, 12:00:00 PM",f6efb480-66a4-475a-84b5-87515cc75e2e,0.3691284604402478,0.4539905,,,
"4/2/2017, 3:00:00 PM",283eebcb-d267-4a76-8179-a9b33fb87cf2,0.5286820635872472,0.469471563,,,
"4/2/2017, 3:00:00 PM",f6efb480-66a4-475a-84b5-87515cc75e2e,0.3711858489082421,0.48480962,,,
"4/2/2017, 6:00:00 PM",283eebcb-d267-4a76-8179-a9b33fb87cf2,0.5290484623536559,0.5,,,
"4/2/2017, 6:00:00 PM",f6efb480-66a4-475a-84b5-87515cc75e2e,0.3710315004508753,0.515038075,,,
"4/2/2017, 9:00:00 PM",283eebcb-d267-4a76-8179-a9b33fb87cf2,0.5271991194443367,0.529919264,,,
"4/2/2017, 9:00:00 PM",f6efb480-66a4-475a-84b5-87515cc75e2e,0.3681888322507467,0.544639035,,,
"4/3/2017, 12:00:00 AM",283eebcb-d267-4a76-8179-a9b33fb87cf2,0.5282549915604597,0.559192903,,,
"4/3/2017, 12:00:00 AM",f6efb480-66a4-475a-84b5-87515cc75e2e,0.3699487660094451,0.573576436,,,
"4/3/2017, 3:00:00 AM",283eebcb-d267-4a76-8179-a9b33fb87cf2,0.5273471386660931,0.587785252,,,
"4/3/2017, 3:00:00 AM",f6efb480-66a4-475a-84b5-87515cc75e2e,0.37167965633603745,0.601815023,,,
"4/3/2017, 6:00:00 AM",283eebcb-d267-4a76-8179-a9b33fb87cf2,0.5285811245274474,0.615661475,,,
"4/3/2017, 6:00:00 AM",f6efb480-66a4-475a-84b5-87515cc75e2e,0.3703083149290759,0.629320391,,,
"4/3/2017, 9:00:00 AM",283eebcb-d267-4a76-8179-a9b33fb87cf2,0.527451137,0.64278761,,,
"4/3/2017, 9:00:00 AM",f6efb480-66a4-475a-84b5-87515cc75e2e,0.3689652022361151,0.656059029,,,
"4/3/2017, 12:00:00 PM",283eebcb-d267-4a76-8179-a9b33fb87cf2,0.5283557296307763,0.669130606,,,
"4/3/2017, 12:00:00 PM",f6efb480-66a4-475a-84b5-87515cc75e2e,0.3704436838761583,0.68199836,,,
"4/3/2017, 3:00:00 PM",283eebcb-d267-4a76-8179-a9b33fb87cf2,0.5286386298644005,0.69465837,,,
"4/3/2017, 3:00:00 PM",f6efb480-66a4-475a-84b5-87515cc75e2e,0.3711331190383092,0.707106781,,,
"4/3/2017, 6:00:00 PM",283eebcb-d267-4a76-8179-a9b33fb87cf2,0.5286896422702169,0.7193398,,,
"4/3/2017, 6:00:00 PM",f6efb480-66a4-475a-84b5-87515cc75e2e,0.3709457839129933,0.731353702,,,
"4/3/2017, 9:00:00 PM",283eebcb-d267-4a76-8179-a9b33fb87cf2,0.5262479413742026,0.743144825,,,
"4/3/2017, 9:00:00 PM",f6efb480-66a4-475a-84b5-87515cc75e2e,0.3692862345325754,0.75470958,,,
"4/4/2017, 12:00:00 AM",283eebcb-d267-4a76-8179-a9b33fb87cf2,0.5287788659208897,0.766044443,,,
"4/4/2017, 12:00:00 AM",f6efb480-66a4-475a-84b5-87515cc75e2e,0.19524019800940162,0.777145961,,,
"4/4/2017, 3:00:00 AM",283eebcb-d267-4a76-8179-a9b33fb87cf2,0.5275738458925471,0.788010754,,,
"4/4/2017, 3:00:00 AM",f6efb480-66a4-475a-84b5-87515cc75e2e,0.11751604941145187,0.79863551,,,
"4/4/2017, 6:00:00 AM",283eebcb-d267-4a76-8179-a9b33fb87cf2,0.5284808434660707,0.809016994,,,
"4/4/2017, 6:00:00 AM",f6efb480-66a4-475a-84b5-87515cc75e2e,-0.069353209,0.819152044,,,
"4/4/2017, 9:00:00 AM",283eebcb-d267-4a76-8179-a9b33fb87cf2,0.5269984248494827,0.829037573,,,
"4/4/2017, 9:00:00 AM",f6efb480-66a4-475a-84b5-87515cc75e2e,-0.147388514,0.838670568,,,
"4/4/2017, 12:00:00 PM",283eebcb-d267-4a76-8179-a9b33fb87cf2,0.5282871787030708,0.848048096,,,
"4/4/2017, 12:00:00 PM",f6efb480-66a4-475a-84b5-87515cc75e2e,-0.459385351,0.857167301,,,
"4/4/2017, 3:00:00 PM",283eebcb-d267-4a76-8179-a9b33fb87cf2,0.528373179,0.866025404,,,
"4/4/2017, 3:00:00 PM",f6efb480-66a4-475a-84b5-87515cc75e2e,-0.579675174,0.874619707,,,
"4/4/2017, 6:00:00 PM",283eebcb-d267-4a76-8179-a9b33fb87cf2,0.5283792941044216,0.882947593,,,
"4/4/2017, 6:00:00 PM",f6efb480-66a4-475a-84b5-87515cc75e2e,-0.803538917,0.891006524,,,
"4/4/2017, 9:00:00 PM",283eebcb-d267-4a76-8179-a9b33fb87cf2,0.5272990207470774,0.898794046,,,
"4/4/2017, 9:00:00 PM",f6efb480-66a4-475a-84b5-87515cc75e2e,-1.059388945,0.906307787,,,
"4/5/2017, 12:00:00 AM",283eebcb-d267-4a76-8179-a9b33fb87cf2,0.5285280918420779,0.913545458,,,
"4/5/2017, 12:00:00 AM",f6efb480-66a4-475a-84b5-87515cc75e2e,-1.272675848,0.920504853,,,
"4/5/2017, 3:00:00 AM",283eebcb-d267-4a76-8179-a9b33fb87cf2,0.527953459,0.927183855,,,
"4/5/2017, 3:00:00 AM",f6efb480-66a4-475a-84b5-87515cc75e2e,-1.318437988,0.933580426,,,
"4/5/2017, 6:00:00 AM",283eebcb-d267-4a76-8179-a9b33fb87cf2,0.5260750832288806,0.939692621,,,
"4/5/2017, 6:00:00 AM",f6efb480-66a4-475a-84b5-87515cc75e2e,-1.386677352,0.945518576,,,
"4/5/2017, 9:00:00 AM",283eebcb-d267-4a76-8179-a9b33fb87cf2,0.5286469827410512,0.951056516,,,
"4/5/2017, 9:00:00 AM",f6efb480-66a4-475a-84b5-87515cc75e2e,-1.835976212,0.956304756,,,
"4/5/2017, 12:00:00 PM",283eebcb-d267-4a76-8179-a9b33fb87cf2,0.5273903397259808,0.961261696,,,
"4/5/2017, 12:00:00 PM",f6efb480-66a4-475a-84b5-87515cc75e2e,-2.18643556,0.965925826,-2.18643556,,
"4/5/2017, 3:00:00 PM",283eebcb-d267-4a76-8179-a9b33fb87cf2,0.5286206110581873,0.970295726,,,
"4/5/2017, 3:00:00 PM",f6efb480-66a4-475a-84b5-87515cc75e2e,-2.239593847,0.974370065,-2.239593847,,
"4/5/2017, 6:00:00 PM",283eebcb-d267-4a76-8179-a9b33fb87cf2,0.5289811015946002,0.978147601,,,
"4/5/2017, 6:00:00 PM",f6efb480-66a4-475a-84b5-87515cc75e2e,-2.382440964,0.981627183,-2.382440964,,
"4/5/2017, 9:00:00 PM",283eebcb-d267-4a76-8179-a9b33fb87cf2,0.527950716,0.984807753,,,
"4/5/2017, 9:00:00 PM",f6efb480-66a4-475a-84b5-87515cc75e2e,-2.54399336,0.987688341,-2.54399336,,
"4/6/2017, 12:00:00 AM",283eebcb-d267-4a76-8179-a9b33fb87cf2,0.5273157703119562,0.990268069,,,
"4/6/2017, 12:00:00 AM",f6efb480-66a4-475a-84b5-87515cc75e2e,-2.759922199,0.992546152,-2.759922199,,
"4/6/2017, 3:00:00 AM",283eebcb-d267-4a76-8179-a9b33fb87cf2,0.5275047379795555,0.994521895,,,
"4/6/2017, 3:00:00 AM",f6efb480-66a4-475a-84b5-87515cc75e2e,-2.861270105,0.996194698,-2.861270105,,
"4/6/2017, 6:00:00 AM",283eebcb-d267-4a76-8179-a9b33fb87cf2,0.5277109191633378,0.99756405,,,
"4/6/2017, 6:00:00 AM",f6efb480-66a4-475a-84b5-87515cc75e2e,-3.143187817,0.998629535,-3.143187817,,
"4/6/2017, 9:00:00 AM",283eebcb-d267-4a76-8179-a9b33fb87cf2,0.5283562962028662,0.999390827,,,
"4/6/2017, 9:00:00 AM",f6efb480-66a4-475a-84b5-87515cc75e2e,-3.244825178,0.999847695,-3.244825178,,
"4/6/2017, 12:00:00 PM",283eebcb-d267-4a76-8179-a9b33fb87cf2,0.5261877948483777,1,,,
"4/6/2017, 12:00:00 PM",f6efb480-66a4-475a-84b5-87515cc75e2e,-3.641312521,0.999847695,-3.641312521,,
"4/6/2017, 3:00:00 PM",283eebcb-d267-4a76-8179-a9b33fb87cf2,0.5292223559371275,0.999390827,,,
"4/6/2017, 3:00:00 PM",f6efb480-66a4-475a-84b5-87515cc75e2e,-3.847276948,0.998629535,-3.847276948,,
"4/6/2017, 6:00:00 PM",283eebcb-d267-4a76-8179-a9b33fb87cf2,0.5278045427056904,0.99756405,,,
"4/6/2017, 6:00:00 PM",f6efb480-66a4-475a-84b5-87515cc75e2e,-4.207130749,0.996194698,-4.207130749,,
"4/6/2017, 9:00:00 PM",283eebcb-d267-4a76-8179-a9b33fb87cf2,0.5273669954297163,0.994521895,,,
"4/6/2017, 9:00:00 PM",f6efb480-66a4-475a-84b5-87515cc75e2e,-4.385518548,0.992546152,-4.385518548,,
"4/7/2017, 12:00:00 AM",283eebcb-d267-4a76-8179-a9b33fb87cf2,0.52924231,0.990268069,,,
"4/7/2017, 12:00:00 AM",f6efb480-66a4-475a-84b5-87515cc75e2e,-4.166855534,0.987688341,-4.166855534,,
"4/7/2017, 3:00:00 AM",283eebcb-d267-4a76-8179-a9b33fb87cf2,0.5273047395299696,0.984807753,,,
"4/7/2017, 3:00:00 AM",f6efb480-66a4-475a-84b5-87515cc75e2e,-3.789549545,0.981627183,-3.789549545,,
"4/7/2017, 6:00:00 AM",283eebcb-d267-4a76-8179-a9b33fb87cf2,0.528551794,0.978147601,,,
"4/7/2017, 6:00:00 AM",f6efb480-66a4-475a-84b5-87515cc75e2e,-3.471854465,0.974370065,-3.471854465,,
"4/7/2017, 9:00:00 AM",283eebcb-d267-4a76-8179-a9b33fb87cf2,0.5277063613044345,0.970295726,,,
"4/7/2017, 9:00:00 AM",f6efb480-66a4-475a-84b5-87515cc75e2e,-3.14693516,0.965925826,-3.14693516,,
"4/7/2017, 12:00:00 PM",283eebcb-d267-4a76-8179-a9b33fb87cf2,0.5285241043867458,0.961261696,,,
"4/7/2017, 12:00:00 PM",f6efb480-66a4-475a-84b5-87515cc75e2e,-2.809541734,0.956304756,-2.809541734,,
"4/7/2017, 3:00:00 PM",283eebcb-d267-4a76-8179-a9b33fb87cf2,0.528735075,0.951056516,,,
"4/7/2017, 3:00:00 PM",f6efb480-66a4-475a-84b5-87515cc75e2e,-2.464405861,0.945518576,-2.464405861,,
"4/7/2017, 6:00:00 PM",283eebcb-d267-4a76-8179-a9b33fb87cf2,0.5276737224794321,0.939692621,,,
"4/7/2017, 6:00:00 PM",f6efb480-66a4-475a-84b5-87515cc75e2e,-2.075659468,0.933580426,-2.075659468,,
"4/7/2017, 9:00:00 PM",283eebcb-d267-4a76-8179-a9b33fb87cf2,0.5284194432102646,0.927183855,,,
"4/7/2017, 9:00:00 PM",f6efb480-66a4-475a-84b5-87515cc75e2e,-1.708796322,0.920504853,,,
"4/8/2017, 12:00:00 AM",283eebcb-d267-4a76-8179-a9b33fb87cf2,0.5281318346337193,0.913545458,,,
"4/8/2017, 12:00:00 AM",f6efb480-66a4-475a-84b5-87515cc75e2e,-1.364036524,0.906307787,,,
"4/8/2017, 3:00:00 AM",283eebcb-d267-4a76-8179-a9b33fb87cf2,0.5276255464510895,0.898794046,,,
"4/8/2017, 3:00:00 AM",f6efb480-66a4-475a-84b5-87515cc75e2e,-0.992994114,0.891006524,,,
"4/8/2017, 6:00:00 AM",283eebcb-d267-4a76-8179-a9b33fb87cf2,0.5287469698136776,0.882947593,,,
"4/8/2017, 6:00:00 AM",f6efb480-66a4-475a-84b5-87515cc75e2e,-0.643013247,0.874619707,,,
"4/8/2017, 9:00:00 AM",283eebcb-d267-4a76-8179-a9b33fb87cf2,0.5276032213845729,0.866025404,,,
"4/8/2017, 9:00:00 AM",f6efb480-66a4-475a-84b5-87515cc75e2e,-0.303726843,0.857167301,,,
"4/8/2017, 12:00:00 PM",283eebcb-d267-4a76-8179-a9b33fb87cf2,0.5292995907928781,0.848048096,,,
"4/8/2017, 12:00:00 PM",f6efb480-66a4-475a-84b5-87515cc75e2e,0.037435227942187684,0.838670568,,,
"4/8/2017, 3:00:00 PM",283eebcb-d267-4a76-8179-a9b33fb87cf2,0.528269929,0.829037573,,,
"4/8/2017, 3:00:00 PM",f6efb480-66a4-475a-84b5-87515cc75e2e,0.33318610223520834,0.819152044,,,
"4/8/2017, 6:00:00 PM",283eebcb-d267-4a76-8179-a9b33fb87cf2,0.5283568766541797,0.809016994,,Experimental production batch started,
"4/8/2017, 6:00:00 PM",f6efb480-66a4-475a-84b5-87515cc75e2e,0.36915941225706184,0.79863551,,Experimental production batch started,
"4/8/2017, 9:00:00 PM",283eebcb-d267-4a76-8179-a9b33fb87cf2,0.5290489873144931,0.788010754,,,
"4/8/2017, 9:00:00 PM",f6efb480-66a4-475a-84b5-87515cc75e2e,0.36989322151585513,0.777145961,,,
"4/9/2017, 12:00:00 AM",283eebcb-d267-4a76-8179-a9b33fb87cf2,0.5182962911849801,0.766044443,,,
"4/9/2017, 12:00:00 AM",f6efb480-66a4-475a-84b5-87515cc75e2e,0.3726041595467743,0.75470958,,,
"4/9/2017, 3:00:00 AM",283eebcb-d267-4a76-8179-a9b33fb87cf2,0.39664617552613796,0.743144825,,,
"4/9/2017, 3:00:00 AM",f6efb480-66a4-475a-84b5-87515cc75e2e,0.37005637496628746,0.731353702,,,
"4/9/2017, 6:00:00 AM",283eebcb-d267-4a76-8179-a9b33fb87cf2,0.2759947685286978,0.7193398,,,
"4/9/2017, 6:00:00 AM",f6efb480-66a4-475a-84b5-87515cc75e2e,0.3686847814934199,0.707106781,,,
"4/9/2017, 9:00:00 AM",283eebcb-d267-4a76-8179-a9b33fb87cf2,0.2639477966344261,0.69465837,,,
"4/9/2017, 9:00:00 AM",f6efb480-66a4-475a-84b5-87515cc75e2e,0.3711871827003649,0.68199836,,,
"4/9/2017, 12:00:00 PM",283eebcb-d267-4a76-8179-a9b33fb87cf2,0.26392632848265435,0.669130606,,,
"4/9/2017, 12:00:00 PM",f6efb480-66a4-475a-84b5-87515cc75e2e,0.36845014142982846,0.656059029,,,
"4/9/2017, 3:00:00 PM",283eebcb-d267-4a76-8179-a9b33fb87cf2,0.23398630418973437,0.64278761,,,
"4/9/2017, 3:00:00 PM",f6efb480-66a4-475a-84b5-87515cc75e2e,0.371162492,0.629320391,,,
"4/9/2017, 6:00:00 PM",283eebcb-d267-4a76-8179-a9b33fb87cf2,0.2649815089645903,0.615661475,,,
"4/9/2017, 6:00:00 PM",f6efb480-66a4-475a-84b5-87515cc75e2e,0.3695592310823723,0.601815023,,,
"4/9/2017, 9:00:00 PM",283eebcb-d267-4a76-8179-a9b33fb87cf2,0.27850896033921946,0.587785252,,,
"4/9/2017, 9:00:00 PM",f6efb480-66a4-475a-84b5-87515cc75e2e,0.3696232018629476,0.573576436,,,
"4/10/2017, 12:00:00 AM",283eebcb-d267-4a76-8179-a9b33fb87cf2,0.3037687883905361,0.559192903,,,
"4/10/2017, 12:00:00 AM",f6efb480-66a4-475a-84b5-87515cc75e2e,0.37000006815211534,0.544639035,,,
"4/10/2017, 3:00:00 AM",283eebcb-d267-4a76-8179-a9b33fb87cf2,0.26066542105800433,0.529919264,,,
"4/10/2017, 3:00:00 AM",f6efb480-66a4-475a-84b5-87515cc75e2e,0.37099602284861943,0.515038075,,,
"4/10/2017, 6:00:00 AM",283eebcb-d267-4a76-8179-a9b33fb87cf2,0.090312351,0.5,,,
"4/10/2017, 6:00:00 AM",f6efb480-66a4-475a-84b5-87515cc75e2e,0.37135548188644346,0.48480962,,,
"4/10/2017, 9:00:00 AM",283eebcb-d267-4a76-8179-a9b33fb87cf2,0.049819363,0.469471563,,,
"4/10/2017, 9:00:00 AM",f6efb480-66a4-475a-84b5-87515cc75e2e,0.3712426600484431,0.4539905,,,
"4/10/2017, 12:00:00 PM",283eebcb-d267-4a76-8179-a9b33fb87cf2,-0.109606566,0.438371147,,,
"4/10/2017, 12:00:00 PM",f6efb480-66a4-475a-84b5-87515cc75e2e,0.3724359026502268,0.422618262,,,
"4/10/2017, 3:00:00 PM",283eebcb-d267-4a76-8179-a9b33fb87cf2,-0.217612157,0.406736643,,,
"4/10/2017, 3:00:00 PM",f6efb480-66a4-475a-84b5-87515cc75e2e,0.3723987736287191,0.390731128,,,
"4/10/2017, 6:00:00 PM",283eebcb-d267-4a76-8179-a9b33fb87cf2,-0.246345079,0.374606593,,,
"4/10/2017, 6:00:00 PM",f6efb480-66a4-475a-84b5-87515cc75e2e,0.3691287378461372,0.35836795,,,
"4/10/2017, 9:00:00 PM",283eebcb-d267-4a76-8179-a9b33fb87cf2,-0.379427758,0.342020143,,,
"4/10/2017, 9:00:00 PM",f6efb480-66a4-475a-84b5-87515cc75e2e,0.3707012015327549,0.325568154,,,
"4/11/2017, 12:00:00 AM",283eebcb-d267-4a76-8179-a9b33fb87cf2,-0.502776767,0.309016994,,,
"4/11/2017, 12:00:00 AM",f6efb480-66a4-475a-84b5-87515cc75e2e,0.37146940427377245,0.292371705,,,
"4/11/2017, 3:00:00 AM",283eebcb-d267-4a76-8179-a9b33fb87cf2,-0.474959173,0.275637356,,,
"4/11/2017, 3:00:00 AM",f6efb480-66a4-475a-84b5-87515cc75e2e,0.3698221063136276,0.258819045,,,
"4/11/2017, 6:00:00 AM",283eebcb-d267-4a76-8179-a9b33fb87cf2,-0.455737681,0.241921896,,,
"4/11/2017, 6:00:00 AM",f6efb480-66a4-475a-84b5-87515cc75e2e,0.3725241014961115,0.224951054,,,
"4/11/2017, 9:00:00 AM",283eebcb-d267-4a76-8179-a9b33fb87cf2,-0.410068581,0.207911691,,,
"4/11/2017, 9:00:00 AM",f6efb480-66a4-475a-84b5-87515cc75e2e,0.3688902921147777,0.190808995,,,
"4/11/2017, 12:00:00 PM",283eebcb-d267-4a76-8179-a9b33fb87cf2,-0.416080838,0.173648178,,,
"4/11/2017, 12:00:00 PM",f6efb480-66a4-475a-84b5-87515cc75e2e,0.3681678585549028,0.156434465,,,
"4/11/2017, 3:00:00 PM",283eebcb-d267-4a76-8179-a9b33fb87cf2,-0.493908537,0.139173101,,,
"4/11/2017, 3:00:00 PM",f6efb480-66a4-475a-84b5-87515cc75e2e,0.370811211,0.121869343,,,
"4/11/2017, 6:00:00 PM",283eebcb-d267-4a76-8179-a9b33fb87cf2,-0.72082118,0.104528463,,,
"4/11/2017, 6:00:00 PM",f6efb480-66a4-475a-84b5-87515cc75e2e,0.36985882114313773,0.087155743,,,
"4/11/2017, 9:00:00 PM",283eebcb-d267-4a76-8179-a9b33fb87cf2,-0.749014713,0.069756474,,,
"4/11/2017, 9:00:00 PM",f6efb480-66a4-475a-84b5-87515cc75e2e,0.37124658670429417,0.052335956,,,
"4/12/2017, 12:00:00 AM",283eebcb-d267-4a76-8179-a9b33fb87cf2,-0.795071577,0.034899497,,,
"4/12/2017, 12:00:00 AM",f6efb480-66a4-475a-84b5-87515cc75e2e,0.3712134606349416,0.017452406,,,
"4/12/2017, 3:00:00 AM",283eebcb-d267-4a76-8179-a9b33fb87cf2,-0.932720316,1.22515E-16,,,
"4/12/2017, 3:00:00 AM",f6efb480-66a4-475a-84b5-87515cc75e2e,0.3692646221803703,-0.017452406,,,
"4/12/2017, 6:00:00 AM",283eebcb-d267-4a76-8179-a9b33fb87cf2,-0.953402054,-0.034899497,,,
"4/12/2017, 6:00:00 AM",f6efb480-66a4-475a-84b5-87515cc75e2e,0.3718833737773486,-0.052335956,,,
"4/12/2017, 9:00:00 AM",283eebcb-d267-4a76-8179-a9b33fb87cf2,-0.854629523,-0.069756474,,,
"4/12/2017, 9:00:00 AM",f6efb480-66a4-475a-84b5-87515cc75e2e,0.3725426886643192,-0.087155743,,,
"4/12/2017, 12:00:00 PM",283eebcb-d267-4a76-8179-a9b33fb87cf2,-0.931325473,-0.104528463,,,
"4/12/2017, 12:00:00 PM",f6efb480-66a4-475a-84b5-87515cc75e2e,0.37097088219051894,-0.121869343,,,
"4/12/2017, 3:00:00 PM",283eebcb-d267-4a76-8179-a9b33fb87cf2,-1.047736978,-0.139173101,,,
"4/12/2017, 3:00:00 PM",f6efb480-66a4-475a-84b5-87515cc75e2e,0.3710799713977875,-0.156434465,,,
"4/12/2017, 6:00:00 PM",283eebcb-d267-4a76-8179-a9b33fb87cf2,-1.068440807,-0.173648178,,,
"4/12/2017, 6:00:00 PM",f6efb480-66a4-475a-84b5-87515cc75e2e,0.36898023478353925,-0.190808995,,,
"4/12/2017, 9:00:00 PM",283eebcb-d267-4a76-8179-a9b33fb87cf2,-1.210500033,-0.207911691,,,
"4/12/2017, 9:00:00 PM",f6efb480-66a4-475a-84b5-87515cc75e2e,0.3714605039111862,-0.224951054,,,
"4/13/2017, 12:00:00 AM",283eebcb-d267-4a76-8179-a9b33fb87cf2,-1.275571082,-0.241921896,,,
"4/13/2017, 12:00:00 AM",f6efb480-66a4-475a-84b5-87515cc75e2e,0.3726335444738768,-0.258819045,,,
"4/13/2017, 3:00:00 AM",283eebcb-d267-4a76-8179-a9b33fb87cf2,-1.504420983,-0.275637356,,,
"4/13/2017, 3:00:00 AM",f6efb480-66a4-475a-84b5-87515cc75e2e,0.37168548103832394,-0.292371705,,,
"4/13/2017, 6:00:00 AM",283eebcb-d267-4a76-8179-a9b33fb87cf2,-1.579129164,-0.309016994,,,
"4/13/2017, 6:00:00 AM",f6efb480-66a4-475a-84b5-87515cc75e2e,0.3709181273579195,-0.325568154,,,
"4/13/2017, 9:00:00 AM",283eebcb-d267-4a76-8179-a9b33fb87cf2,-1.70623964,-0.342020143,,,
"4/13/2017, 9:00:00 AM",f6efb480-66a4-475a-84b5-87515cc75e2e,0.36850817737414926,-0.35836795,,,
"4/13/2017, 12:00:00 PM",283eebcb-d267-4a76-8179-a9b33fb87cf2,-1.801701476,-0.374606593,,,
"4/13/2017, 12:00:00 PM",f6efb480-66a4-475a-84b5-87515cc75e2e,0.3678094616766724,-0.390731128,,,
"4/13/2017, 3:00:00 PM",283eebcb-d267-4a76-8179-a9b33fb87cf2,-1.853442806,-0.406736643,,,
"4/13/2017, 3:00:00 PM",f6efb480-66a4-475a-84b5-87515cc75e2e,0.37025744723420656,-0.422618262,,,
"4/13/2017, 6:00:00 PM",283eebcb-d267-4a76-8179-a9b33fb87cf2,-1.867951683,-0.438371147,,,
"4/13/2017, 6:00:00 PM",f6efb480-66a4-475a-84b5-87515cc75e2e,0.36889277028550055,-0.4539905,,,
"4/13/2017, 9:00:00 PM",283eebcb-d267-4a76-8179-a9b33fb87cf2,-1.935847421,-0.469471563,,,
"4/13/2017, 9:00:00 PM",f6efb480-66a4-475a-84b5-87515cc75e2e,0.37052429158064876,-0.48480962,,,
"4/14/2017, 12:00:00 AM",283eebcb-d267-4a76-8179-a9b33fb87cf2,-2.059137344,-0.5,,,
"4/14/2017, 12:00:00 AM",f6efb480-66a4-475a-84b5-87515cc75e2e,0.3700482234837734,-0.515038075,,,
"4/14/2017, 3:00:00 AM",283eebcb-d267-4a76-8179-a9b33fb87cf2,-2.224616366,-0.529919264,,,
"4/14/2017, 3:00:00 AM",f6efb480-66a4-475a-84b5-87515cc75e2e,0.3715761363795561,-0.544639035,,,
"4/14/2017, 6:00:00 AM",283eebcb-d267-4a76-8179-a9b33fb87cf2,-2.322642086,-0.559192903,,,
"4/14/2017, 6:00:00 AM",f6efb480-66a4-475a-84b5-87515cc75e2e,0.3690600983221893,-0.573576436,,,
"4/14/2017, 9:00:00 AM",283eebcb-d267-4a76-8179-a9b33fb87cf2,-2.361118574,-0.587785252,,,
"4/14/2017, 9:00:00 AM",f6efb480-66a4-475a-84b5-87515cc75e2e,0.3686262127803672,-0.601815023,,,
"4/14/2017, 12:00:00 PM",283eebcb-d267-4a76-8179-a9b33fb87cf2,-2.302227027,-0.615661475,,,
"4/14/2017, 12:00:00 PM",f6efb480-66a4-475a-84b5-87515cc75e2e,0.3664545420938884,-0.629320391,,,
"4/14/2017, 3:00:00 PM",283eebcb-d267-4a76-8179-a9b33fb87cf2,-2.43386183,-0.64278761,,,
"4/14/2017, 3:00:00 PM",f6efb480-66a4-475a-84b5-87515cc75e2e,0.3699149514370058,-0.656059029,,,
"4/14/2017, 6:00:00 PM",283eebcb-d267-4a76-8179-a9b33fb87cf2,-2.505683234,-0.669130606,,,
"4/14/2017, 6:00:00 PM",f6efb480-66a4-475a-84b5-87515cc75e2e,0.37091209721846086,-0.68199836,,,
"4/14/2017, 9:00:00 PM",283eebcb-d267-4a76-8179-a9b33fb87cf2,-2.639860712,-0.69465837,,,
"4/14/2017, 9:00:00 PM",f6efb480-66a4-475a-84b5-87515cc75e2e,0.37155174276722974,-0.707106781,,,
"4/15/2017, 12:00:00 AM",283eebcb-d267-4a76-8179-a9b33fb87cf2,-2.673338113,-0.7193398,,,
"4/15/2017, 12:00:00 AM",f6efb480-66a4-475a-84b5-87515cc75e2e,0.3698142357435707,-0.731353702,,,
"4/15/2017, 3:00:00 AM",283eebcb-d267-4a76-8179-a9b33fb87cf2,-2.873844078,-0.743144825,,,
"4/15/2017, 3:00:00 AM",f6efb480-66a4-475a-84b5-87515cc75e2e,0.3713579111459218,-0.75470958,,,
"4/15/2017, 6:00:00 AM",283eebcb-d267-4a76-8179-a9b33fb87cf2,-2.965661924,-0.766044443,,,
"4/15/2017, 6:00:00 AM",f6efb480-66a4-475a-84b5-87515cc75e2e,0.3693350078878684,-0.777145961,,,
"4/15/2017, 9:00:00 AM",283eebcb-d267-4a76-8179-a9b33fb87cf2,-2.926985693,-0.788010754,,,
"4/15/2017, 9:00:00 AM",f6efb480-66a4-475a-84b5-87515cc75e2e,0.3704983987515371,-0.79863551,,,
"4/15/2017, 12:00:00 PM",283eebcb-d267-4a76-8179-a9b33fb87cf2,-2.914259021,-0.809016994,,,
"4/15/2017, 12:00:00 PM",f6efb480-66a4-475a-84b5-87515cc75e2e,0.3702298540012738,-0.819152044,,,
"4/15/2017, 3:00:00 PM",283eebcb-d267-4a76-8179-a9b33fb87cf2,-2.834805229,-0.829037573,,,
"4/15/2017, 3:00:00 PM",f6efb480-66a4-475a-84b5-87515cc75e2e,0.3693466689154806,-0.838670568,,,
"4/15/2017, 6:00:00 PM",283eebcb-d267-4a76-8179-a9b33fb87cf2,-2.926534752,-0.848048096,,,
"4/15/2017, 6:00:00 PM",f6efb480-66a4-475a-84b5-87515cc75e2e,0.3724071829327974,-0.857167301,,,
"4/15/2017, 9:00:00 PM",283eebcb-d267-4a76-8179-a9b33fb87cf2,-2.977915627,-0.866025404,,,
"4/15/2017, 9:00:00 PM",f6efb480-66a4-475a-84b5-87515cc75e2e,0.3722085510652775,-0.874619707,,,
"4/16/2017, 12:00:00 AM",283eebcb-d267-4a76-8179-a9b33fb87cf2,-2.907097048,-0.882947593,,,
"4/16/2017, 12:00:00 AM",f6efb480-66a4-475a-84b5-87515cc75e2e,0.37214395639539055,-0.891006524,,,
"4/16/2017, 3:00:00 AM",283eebcb-d267-4a76-8179-a9b33fb87cf2,-2.731037459,-0.898794046,,,
"4/16/2017, 3:00:00 AM",f6efb480-66a4-475a-84b5-87515cc75e2e,0.3725953739661986,-0.906307787,,,
"4/16/2017, 6:00:00 AM",283eebcb-d267-4a76-8179-a9b33fb87cf2,-2.542976192,-0.913545458,,,
"4/16/2017, 6:00:00 AM",f6efb480-66a4-475a-84b5-87515cc75e2e,0.37068650319401736,-0.920504853,,,
"4/16/2017, 9:00:00 AM",283eebcb-d267-4a76-8179-a9b33fb87cf2,-2.344854162,-0.927183855,,,
"4/16/2017, 9:00:00 AM",f6efb480-66a4-475a-84b5-87515cc75e2e,0.37002930044899507,-0.933580426,,,
"4/16/2017, 12:00:00 PM",283eebcb-d267-4a76-8179-a9b33fb87cf2,-2.15338737,-0.939692621,,,
"4/16/2017, 12:00:00 PM",f6efb480-66a4-475a-84b5-87515cc75e2e,0.37056056393619924,-0.945518576,,,
"4/16/2017, 3:00:00 PM",283eebcb-d267-4a76-8179-a9b33fb87cf2,-1.963184273,-0.951056516,,,
"4/16/2017, 3:00:00 PM",f6efb480-66a4-475a-84b5-87515cc75e2e,0.370025694,-0.956304756,,,
"4/16/2017, 6:00:00 PM",283eebcb-d267-4a76-8179-a9b33fb87cf2,-1.767793653,-0.961261696,,,
"4/16/2017, 6:00:00 PM",f6efb480-66a4-475a-84b5-87515cc75e2e,0.3725603343176194,-0.965925826,,,
"4/16/2017, 9:00:00 PM",283eebcb-d267-4a76-8179-a9b33fb87cf2,-1.560151606,-0.970295726,,,
"4/16/2017, 9:00:00 PM",f6efb480-66a4-475a-84b5-87515cc75e2e,0.37117596103404266,-0.974370065,,,
"4/17/2017, 12:00:00 AM",283eebcb-d267-4a76-8179-a9b33fb87cf2,-1.365202739,-0.978147601,,,
"4/17/2017, 12:00:00 AM",f6efb480-66a4-475a-84b5-87515cc75e2e,0.37087494273717864,-0.981627183,,,
"4/17/2017, 3:00:00 AM",283eebcb-d267-4a76-8179-a9b33fb87cf2,-1.173508482,-0.984807753,,,
"4/17/2017, 3:00:00 AM",f6efb480-66a4-475a-84b5-87515cc75e2e,0.37155741634513817,-0.987688341,,,
"4/17/2017, 6:00:00 AM",283eebcb-d267-4a76-8179-a9b33fb87cf2,-0.985608935,-0.990268069,,,
"4/17/2017, 6:00:00 AM",f6efb480-66a4-475a-84b5-87515cc75e2e,0.37248231721916086,-0.992546152,,,
"4/17/2017, 9:00:00 AM",283eebcb-d267-4a76-8179-a9b33fb87cf2,-0.791652266,-0.994521895,,,
"4/17/2017, 9:00:00 AM",f6efb480-66a4-475a-84b5-87515cc75e2e,0.37156692529054025,-0.996194698,,,
"4/17/2017, 12:00:00 PM",283eebcb-d267-4a76-8179-a9b33fb87cf2,-0.602252001,-0.99756405,,,
"4/17/2017, 12:00:00 PM",f6efb480-66a4-475a-84b5-87515cc75e2e,0.3714904467955253,-0.998629535,,,
"4/17/2017, 3:00:00 PM",283eebcb-d267-4a76-8179-a9b33fb87cf2,-0.403585026,-0.999390827,,,
"4/17/2017, 3:00:00 PM",f6efb480-66a4-475a-84b5-87515cc75e2e,0.3690731056825646,-0.999847695,,,
"4/17/2017, 6:00:00 PM",283eebcb-d267-4a76-8179-a9b33fb87cf2,-0.21318718,-1,,,
"4/17/2017, 6:00:00 PM",f6efb480-66a4-475a-84b5-87515cc75e2e,0.37067699735033655,-0.999847695,,,
"4/17/2017, 9:00:00 PM",283eebcb-d267-4a76-8179-a9b33fb87cf2,-0.011901922,-0.999390827,,,
"4/17/2017, 9:00:00 PM",f6efb480-66a4-475a-84b5-87515cc75e2e,0.36782753016776554,-0.998629535,,,
"4/18/2017, 12:00:00 AM",283eebcb-d267-4a76-8179-a9b33fb87cf2,0.18819410919343035,-0.99756405,,,
"4/18/2017, 12:00:00 AM",f6efb480-66a4-475a-84b5-87515cc75e2e,0.2472828859582259,-0.996194698,,,
"4/18/2017, 3:00:00 AM",283eebcb-d267-4a76-8179-a9b33fb87cf2,0.37759578283296696,-0.994521895,,,
"4/18/2017, 3:00:00 AM",f6efb480-66a4-475a-84b5-87515cc75e2e,-0.103809753,-0.992546152,,,
"4/18/2017, 6:00:00 AM",283eebcb-d267-4a76-8179-a9b33fb87cf2,0.5189650809882066,-0.990268069,,Experimental production batch completed,
"4/18/2017, 6:00:00 AM",f6efb480-66a4-475a-84b5-87515cc75e2e,-0.467080674,-0.987688341,,Experimental production batch completed,
"4/18/2017, 9:00:00 AM",283eebcb-d267-4a76-8179-a9b33fb87cf2,0.5281246693964976,-0.984807753,,,
"4/18/2017, 9:00:00 AM",f6efb480-66a4-475a-84b5-87515cc75e2e,-0.307366553,-0.981627183,,,
"4/18/2017, 12:00:00 PM",283eebcb-d267-4a76-8179-a9b33fb87cf2,0.5279415916295292,-0.978147601,,,
"4/18/2017, 12:00:00 PM",f6efb480-66a4-475a-84b5-87515cc75e2e,0.053203852372233316,-0.974370065,,,
"4/18/2017, 3:00:00 PM",283eebcb-d267-4a76-8179-a9b33fb87cf2,0.528521728,-0.970295726,,,
"4/18/2017, 3:00:00 PM",f6efb480-66a4-475a-84b5-87515cc75e2e,0.33154086363186686,-0.965925826,,,
"4/18/2017, 6:00:00 PM",283eebcb-d267-4a76-8179-a9b33fb87cf2,0.5267226635562557,-0.961261696,,,
"4/18/2017, 6:00:00 PM",f6efb480-66a4-475a-84b5-87515cc75e2e,0.36882892427845926,-0.956304756,,,
"4/18/2017, 9:00:00 PM",283eebcb-d267-4a76-8179-a9b33fb87cf2,0.5282439738136335,-0.951056516,,,
"4/18/2017, 9:00:00 PM",f6efb480-66a4-475a-84b5-87515cc75e2e,0.371738831,-0.945518576,,,
"4/19/2017, 12:00:00 AM",283eebcb-d267-4a76-8179-a9b33fb87cf2,0.527771277,-0.939692621,,,
"4/19/2017, 12:00:00 AM",f6efb480-66a4-475a-84b5-87515cc75e2e,0.37221733850972416,-0.933580426,,,
"4/19/2017, 3:00:00 AM",283eebcb-d267-4a76-8179-a9b33fb87cf2,0.5285243782267378,-0.927183855,,,
"4/19/2017, 3:00:00 AM",f6efb480-66a4-475a-84b5-87515cc75e2e,0.3706388186781875,-0.920504853,,,
"4/19/2017, 6:00:00 AM",283eebcb-d267-4a76-8179-a9b33fb87cf2,0.5274862674846422,-0.913545458,,,
"4/19/2017, 6:00:00 AM",f6efb480-66a4-475a-84b5-87515cc75e2e,0.3704871748021172,-0.906307787,,,
"4/19/2017, 9:00:00 AM",283eebcb-d267-4a76-8179-a9b33fb87cf2,0.5268438472310156,-0.898794046,,,
"4/19/2017, 9:00:00 AM",f6efb480-66a4-475a-84b5-87515cc75e2e,0.36947631748000126,-0.891006524,,,
"4/19/2017, 12:00:00 PM",283eebcb-d267-4a76-8179-a9b33fb87cf2,0.5276018369295064,-0.882947593,,,
"4/19/2017, 12:00:00 PM",f6efb480-66a4-475a-84b5-87515cc75e2e,0.3726006424953082,-0.874619707,,,
"4/19/2017, 3:00:00 PM",283eebcb-d267-4a76-8179-a9b33fb87cf2,0.5275643502784916,-0.866025404,,,
"4/19/2017, 3:00:00 PM",f6efb480-66a4-475a-84b5-87515cc75e2e,0.37027445711512696,-0.857167301,,,
"4/19/2017, 6:00:00 PM",283eebcb-d267-4a76-8179-a9b33fb87cf2,0.526916176,-0.848048096,,,
"4/19/2017, 6:00:00 PM",f6efb480-66a4-475a-84b5-87515cc75e2e,0.3693275481480566,-0.838670568,,,
"4/19/2017, 9:00:00 PM",283eebcb-d267-4a76-8179-a9b33fb87cf2,0.5273735401185635,-0.829037573,,,
"4/19/2017, 9:00:00 PM",f6efb480-66a4-475a-84b5-87515cc75e2e,0.37175814713608774,-0.819152044,,,
"4/20/2017, 12:00:00 AM",283eebcb-d267-4a76-8179-a9b33fb87cf2,0.529312282,-0.809016994,,,
"4/20/2017, 12:00:00 AM",f6efb480-66a4-475a-84b5-87515cc75e2e,0.28341159506797053,-0.79863551,,,
"4/20/2017, 3:00:00 AM",283eebcb-d267-4a76-8179-a9b33fb87cf2,0.5272207965120911,-0.788010754,,,
"4/20/2017, 3:00:00 AM",f6efb480-66a4-475a-84b5-87515cc75e2e,0.36213944749194704,-0.777145961,,,
"4/20/2017, 6:00:00 AM",283eebcb-d267-4a76-8179-a9b33fb87cf2,0.5280686549221201,-0.766044443,,,
"4/20/2017, 6:00:00 AM",f6efb480-66a4-475a-84b5-87515cc75e2e,0.36908884736408964,-0.75470958,,,
"4/20/2017, 9:00:00 AM",283eebcb-d267-4a76-8179-a9b33fb87cf2,0.5268535550810806,-0.743144825,,,
"4/20/2017, 9:00:00 AM",f6efb480-66a4-475a-84b5-87515cc75e2e,0.3701567528047795,-0.731353702,,,
"4/20/2017, 12:00:00 PM",283eebcb-d267-4a76-8179-a9b33fb87cf2,0.529155983,-0.7193398,,,
"4/20/2017, 12:00:00 PM",f6efb480-66a4-475a-84b5-87515cc75e2e,0.3718327035029728,-0.707106781,,,
"4/20/2017, 3:00:00 PM",283eebcb-d267-4a76-8179-a9b33fb87cf2,0.5272113779616071,-0.69465837,,,
"4/20/2017, 3:00:00 PM",f6efb480-66a4-475a-84b5-87515cc75e2e,0.37257369809970386,-0.68199836,,,
"4/20/2017, 6:00:00 PM",283eebcb-d267-4a76-8179-a9b33fb87cf2,0.5278807022578846,-0.669130606,,,
"4/20/2017, 6:00:00 PM",f6efb480-66a4-475a-84b5-87515cc75e2e,0.37002254311352756,-0.656059029,,,
"4/20/2017, 9:00:00 PM",283eebcb-d267-4a76-8179-a9b33fb87cf2,0.5284369498530092,-0.64278761,,,
"4/20/2017, 9:00:00 PM",f6efb480-66a4-475a-84b5-87515cc75e2e,0.37145439963554017,-0.629320391,,,
"4/21/2017, 12:00:00 AM",283eebcb-d267-4a76-8179-a9b33fb87cf2,0.5284789411552839,-0.615661475,,,
"4/21/2017, 12:00:00 AM",f6efb480-66a4-475a-84b5-87515cc75e2e,0.3725834306071745,-0.601815023,,,
"4/21/2017, 3:00:00 AM",283eebcb-d267-4a76-8179-a9b33fb87cf2,0.5271424685019618,-0.587785252,,,
"4/21/2017, 3:00:00 AM",f6efb480-66a4-475a-84b5-87515cc75e2e,0.37146377040398776,-0.573576436,,,
"4/21/2017, 6:00:00 AM",283eebcb-d267-4a76-8179-a9b33fb87cf2,0.5268166713847694,-0.559192903,,,
"4/21/2017, 6:00:00 AM",f6efb480-66a4-475a-84b5-87515cc75e2e,0.37240061931848134,-0.544639035,,,
"4/21/2017, 9:00:00 AM",283eebcb-d267-4a76-8179-a9b33fb87cf2,0.5289676967590261,-0.529919264,,,
"4/21/2017, 9:00:00 AM",f6efb480-66a4-475a-84b5-87515cc75e2e,0.37188549486860084,-0.515038075,,,
"4/21/2017, 12:00:00 PM",283eebcb-d267-4a76-8179-a9b33fb87cf2,0.528922048,-0.5,,,
"4/21/2017, 12:00:00 PM",f6efb480-66a4-475a-84b5-87515cc75e2e,0.37091757840214845,-0.48480962,,,
"4/21/2017, 3:00:00 PM",283eebcb-d267-4a76-8179-a9b33fb87cf2,0.5281869116506263,-0.469471563,,,
"4/21/2017, 3:00:00 PM",f6efb480-66a4-475a-84b5-87515cc75e2e,0.36899086,-0.4539905,,,
"4/21/2017, 6:00:00 PM",283eebcb-d267-4a76-8179-a9b33fb87cf2,0.5292577986015373,-0.438371147,,,
"4/21/2017, 6:00:00 PM",f6efb480-66a4-475a-84b5-87515cc75e2e,0.37085736610522446,-0.422618262,,,
"4/21/2017, 9:00:00 PM",283eebcb-d267-4a76-8179-a9b33fb87cf2,0.5280446692341266,-0.406736643,,,
"4/21/2017, 9:00:00 PM",f6efb480-66a4-475a-84b5-87515cc75e2e,0.3693762564367256,-0.390731128,,,
"4/22/2017, 12:00:00 AM",283eebcb-d267-4a76-8179-a9b33fb87cf2,0.5272993344043496,-0.374606593,,,
"4/22/2017, 12:00:00 AM",f6efb480-66a4-475a-84b5-87515cc75e2e,0.34893027385125724,-0.35836795,,,
"4/22/2017, 3:00:00 AM",283eebcb-d267-4a76-8179-a9b33fb87cf2,0.5288218738576922,-0.342020143,,,
"4/22/2017, 3:00:00 AM",f6efb480-66a4-475a-84b5-87515cc75e2e,0.37223831922547895,-0.325568154,,,
"4/22/2017, 6:00:00 AM",283eebcb-d267-4a76-8179-a9b33fb87cf2,0.5286632479946857,-0.309016994,,,
"4/22/2017, 6:00:00 AM",f6efb480-66a4-475a-84b5-87515cc75e2e,0.369939748,-0.292371705,,,
"4/22/2017, 9:00:00 AM",283eebcb-d267-4a76-8179-a9b33fb87cf2,0.5287485166328325,-0.275637356,,,
"4/22/2017, 9:00:00 AM",f6efb480-66a4-475a-84b5-87515cc75e2e,0.371563386,-0.258819045,,,
"4/22/2017, 12:00:00 PM",283eebcb-d267-4a76-8179-a9b33fb87cf2,0.5292981534017563,-0.241921896,,,
"4/22/2017, 12:00:00 PM",f6efb480-66a4-475a-84b5-87515cc75e2e,0.3720973639358979,-0.224951054,,,
"4/22/2017, 3:00:00 PM",283eebcb-d267-4a76-8179-a9b33fb87cf2,0.5277829819388906,-0.207911691,,,
"4/22/2017, 3:00:00 PM",f6efb480-66a4-475a-84b5-87515cc75e2e,0.37098108208784353,-0.190808995,,,
"4/22/2017, 6:00:00 PM",283eebcb-d267-4a76-8179-a9b33fb87cf2,0.5284703693964237,-0.173648178,,,
"4/22/2017, 6:00:00 PM",f6efb480-66a4-475a-84b5-87515cc75e2e,0.3687731847013871,-0.156434465,,,
"4/22/2017, 9:00:00 PM",283eebcb-d267-4a76-8179-a9b33fb87cf2,0.5274178303388882,-0.139173101,,,
"4/22/2017, 9:00:00 PM",f6efb480-66a4-475a-84b5-87515cc75e2e,0.370604068,-0.121869343,,,
"4/23/2017, 12:00:00 AM",283eebcb-d267-4a76-8179-a9b33fb87cf2,0.5270863428965143,-0.104528463,,,
"4/23/2017, 12:00:00 AM",f6efb480-66a4-475a-84b5-87515cc75e2e,0.37015864913160457,-0.087155743,,,
"4/23/2017, 3:00:00 AM",283eebcb-d267-4a76-8179-a9b33fb87cf2,0.5272727866000955,-0.069756474,,,
"4/23/2017, 3:00:00 AM",f6efb480-66a4-475a-84b5-87515cc75e2e,0.3682916486463893,-0.052335956,,,
"4/23/2017, 6:00:00 AM",283eebcb-d267-4a76-8179-a9b33fb87cf2,0.5285280925798383,-0.034899497,,,
"4/23/2017, 6:00:00 AM",f6efb480-66a4-475a-84b5-87515cc75e2e,0.3680336355319643,-0.017452406,,,
"4/23/2017, 9:00:00 AM",283eebcb-d267-4a76-8179-a9b33fb87cf2,0.528922094,-2.4503E-16,,,
"4/23/2017, 9:00:00 AM",f6efb480-66a4-475a-84b5-87515cc75e2e,0.3712073193661369,0.017452406,,,
"4/23/2017, 12:00:00 PM",283eebcb-d267-4a76-8179-a9b33fb87cf2,0.5285101490730485,0.034899497,,,
"4/23/2017, 12:00:00 PM",f6efb480-66a4-475a-84b5-87515cc75e2e,0.3718038815654182,0.052335956,,,
"4/23/2017, 3:00:00 PM",283eebcb-d267-4a76-8179-a9b33fb87cf2,0.5287211148526975,0.069756474,,,
"4/23/2017, 3:00:00 PM",f6efb480-66a4-475a-84b5-87515cc75e2e,0.3702205445411565,0.087155743,,,
"4/23/2017, 6:00:00 PM",283eebcb-d267-4a76-8179-a9b33fb87cf2,0.5286331274576097,0.104528463,,,
"4/23/2017, 6:00:00 PM",f6efb480-66a4-475a-84b5-87515cc75e2e,0.3718849887018061,0.121869343,,,
"4/23/2017, 9:00:00 PM",283eebcb-d267-4a76-8179-a9b33fb87cf2,0.528043859,0.139173101,,,
"4/23/2017, 9:00:00 PM",f6efb480-66a4-475a-84b5-87515cc75e2e,0.3708686327837409,0.156434465,,,
"4/24/2017, 12:00:00 AM",283eebcb-d267-4a76-8179-a9b33fb87cf2,0.5292606353647349,0.173648178,,,
"4/24/2017, 12:00:00 AM",f6efb480-66a4-475a-84b5-87515cc75e2e,0.3706516680255499,0.190808995,,,
"4/24/2017, 3:00:00 AM",283eebcb-d267-4a76-8179-a9b33fb87cf2,0.5282405456962562,0.207911691,,,
"4/24/2017, 3:00:00 AM",f6efb480-66a4-475a-84b5-87515cc75e2e,0.3702722707848698,0.224951054,,,
"4/24/2017, 6:00:00 AM",283eebcb-d267-4a76-8179-a9b33fb87cf2,0.5273463227745026,0.241921896,,,
"4/24/2017, 6:00:00 AM",f6efb480-66a4-475a-84b5-87515cc75e2e,0.3713507331909488,0.258819045,,,
"4/24/2017, 9:00:00 AM",283eebcb-d267-4a76-8179-a9b33fb87cf2,0.528796683,0.275637356,,,
"4/24/2017, 9:00:00 AM",f6efb480-66a4-475a-84b5-87515cc75e2e,0.37059481153561025,0.292371705,,,
"4/24/2017, 12:00:00 PM",283eebcb-d267-4a76-8179-a9b33fb87cf2,0.52930084,0.309016994,,,
"4/24/2017, 12:00:00 PM",f6efb480-66a4-475a-84b5-87515cc75e2e,0.37095150974115887,0.325568154,,,
"4/24/2017, 3:00:00 PM",283eebcb-d267-4a76-8179-a9b33fb87cf2,0.5281431737009202,0.342020143,,,
"4/24/2017, 3:00:00 PM",f6efb480-66a4-475a-84b5-87515cc75e2e,0.3707434619246693,0.35836795,,,
"4/24/2017, 6:00:00 PM",283eebcb-d267-4a76-8179-a9b33fb87cf2,0.528402954,0.374606593,,,
"4/24/2017, 6:00:00 PM",f6efb480-66a4-475a-84b5-87515cc75e2e,0.3691522547544481,0.390731128,,,
"4/24/2017, 9:00:00 PM",283eebcb-d267-4a76-8179-a9b33fb87cf2,0.5292590183052317,0.406736643,,,
"4/24/2017, 9:00:00 PM",f6efb480-66a4-475a-84b5-87515cc75e2e,0.37107862217742105,0.422618262,,,
"4/25/2017, 12:00:00 AM",283eebcb-d267-4a76-8179-a9b33fb87cf2,0.5289725111964614,0.438371147,,,
"4/25/2017, 12:00:00 AM",f6efb480-66a4-475a-84b5-87515cc75e2e,0.36975374813760037,0.4539905,,,
"4/25/2017, 3:00:00 AM",283eebcb-d267-4a76-8179-a9b33fb87cf2,0.5286702741978139,0.469471563,,,
"4/25/2017, 3:00:00 AM",f6efb480-66a4-475a-84b5-87515cc75e2e,0.371225413,0.48480962,,,
"4/25/2017, 6:00:00 AM",283eebcb-d267-4a76-8179-a9b33fb87cf2,0.5282465376155804,0.5,,,
"4/25/2017, 6:00:00 AM",f6efb480-66a4-475a-84b5-87515cc75e2e,0.3725254149642879,0.515038075,,,
"4/25/2017, 9:00:00 AM",283eebcb-d267-4a76-8179-a9b33fb87cf2,0.529299268,0.529919264,,,
"4/25/2017, 9:00:00 AM",f6efb480-66a4-475a-84b5-87515cc75e2e,0.37132152229258814,0.544639035,,,
"4/25/2017, 12:00:00 PM",283eebcb-d267-4a76-8179-a9b33fb87cf2,0.5288260631631407,0.559192903,,,
"4/25/2017, 12:00:00 PM",f6efb480-66a4-475a-84b5-87515cc75e2e,0.36837368460045494,0.573576436,,,
"4/25/2017, 3:00:00 PM",283eebcb-d267-4a76-8179-a9b33fb87cf2,0.5278270436084717,0.587785252,,,
"4/25/2017, 3:00:00 PM",f6efb480-66a4-475a-84b5-87515cc75e2e,0.37181422275542336,0.601815023,,,
"4/25/2017, 6:00:00 PM",283eebcb-d267-4a76-8179-a9b33fb87cf2,0.5278944806471287,0.615661475,,,
"4/25/2017, 6:00:00 PM",f6efb480-66a4-475a-84b5-87515cc75e2e,0.37260540850803203,0.629320391,,,
"4/25/2017, 9:00:00 PM",283eebcb-d267-4a76-8179-a9b33fb87cf2,0.5278838560218044,0.64278761,,,
"4/25/2017, 9:00:00 PM",f6efb480-66a4-475a-84b5-87515cc75e2e,0.36862411505989695,0.656059029,,,
"4/26/2017, 12:00:00 AM",283eebcb-d267-4a76-8179-a9b33fb87cf2,0.5292286909589298,0.669130606,,,
"4/26/2017, 12:00:00 AM",f6efb480-66a4-475a-84b5-87515cc75e2e,0.36912712176549567,0.68199836,,,
"4/26/2017, 3:00:00 AM",283eebcb-d267-4a76-8179-a9b33fb87cf2,0.5291546887638097,0.69465837,,,
"4/26/2017, 3:00:00 AM",f6efb480-66a4-475a-84b5-87515cc75e2e,0.3692478571948812,0.707106781,,,
"4/26/2017, 6:00:00 AM",283eebcb-d267-4a76-8179-a9b33fb87cf2,0.5261282824274842,0.7193398,,,
"4/26/2017, 6:00:00 AM",f6efb480-66a4-475a-84b5-87515cc75e2e,0.3686707816303415,0.731353702,,,
"4/26/2017, 9:00:00 AM",283eebcb-d267-4a76-8179-a9b33fb87cf2,0.5281551065892283,0.743144825,,,
"4/26/2017, 9:00:00 AM",f6efb480-66a4-475a-84b5-87515cc75e2e,0.371057656,0.75470958,,,
"4/26/2017, 12:00:00 PM",283eebcb-d267-4a76-8179-a9b33fb87cf2,0.5280317697092585,0.766044443,,,
"4/26/2017, 12:00:00 PM",f6efb480-66a4-475a-84b5-87515cc75e2e,0.3693080151193332,0.777145961,,,
"4/26/2017, 3:00:00 PM",283eebcb-d267-4a76-8179-a9b33fb87cf2,0.528527522,0.788010754,,,
"4/26/2017, 3:00:00 PM",f6efb480-66a4-475a-84b5-87515cc75e2e,0.3705257937055096,0.79863551,,,
"4/26/2017, 6:00:00 PM",283eebcb-d267-4a76-8179-a9b33fb87cf2,0.5278330906236735,0.809016994,,,
"4/26/2017, 6:00:00 PM",f6efb480-66a4-475a-84b5-87515cc75e2e,0.37018134492679533,0.819152044,,,
"4/26/2017, 9:00:00 PM",283eebcb-d267-4a76-8179-a9b33fb87cf2,0.5274091820275394,0.829037573,,,
"4/26/2017, 9:00:00 PM",f6efb480-66a4-475a-84b5-87515cc75e2e,0.3712270250105117,0.838670568,,,
"4/27/2017, 12:00:00 AM",283eebcb-d267-4a76-8179-a9b33fb87cf2,0.5276862139314464,0.848048096,,,
"4/27/2017, 12:00:00 AM",f6efb480-66a4-475a-84b5-87515cc75e2e,0.3707131200375255,0.857167301,,,
"4/27/2017, 3:00:00 AM",283eebcb-d267-4a76-8179-a9b33fb87cf2,0.5286846525260308,0.866025404,,,
"4/27/2017, 3:00:00 AM",f6efb480-66a4-475a-84b5-87515cc75e2e,0.37252642477384573,0.874619707,,,
"4/27/2017, 6:00:00 AM",283eebcb-d267-4a76-8179-a9b33fb87cf2,0.5280923503863953,0.882947593,,,
"4/27/2017, 6:00:00 AM",f6efb480-66a4-475a-84b5-87515cc75e2e,0.3682041862581214,0.891006524,,,
"4/27/2017, 9:00:00 AM",283eebcb-d267-4a76-8179-a9b33fb87cf2,0.5292957551608621,0.898794046,,,
"4/27/2017, 9:00:00 AM",f6efb480-66a4-475a-84b5-87515cc75e2e,0.3705876612065504,0.906307787,,,
"4/27/2017, 12:00:00 PM",283eebcb-d267-4a76-8179-a9b33fb87cf2,0.5272197058853281,0.913545458,,,
"4/27/2017, 12:00:00 PM",f6efb480-66a4-475a-84b5-87515cc75e2e,0.3692233516342434,0.920504853,,,
"4/27/2017, 3:00:00 PM",283eebcb-d267-4a76-8179-a9b33fb87cf2,0.5281634308672296,0.927183855,,Performed preventive maintenance.,
"4/27/2017, 3:00:00 PM",f6efb480-66a4-475a-84b5-87515cc75e2e,0.3722229473891658,0.933580426,,Performed preventive maintenance.,
"4/27/2017, 6:00:00 PM",283eebcb-d267-4a76-8179-a9b33fb87cf2,0.5274881419601337,0.939692621,,,
"4/27/2017, 6:00:00 PM",f6efb480-66a4-475a-84b5-87515cc75e2e,0.3725686282996929,0.945518576,,,
"4/27/2017, 9:00:00 PM",283eebcb-d267-4a76-8179-a9b33fb87cf2,0.5293006425767549,0.951056516,,,
"4/27/2017, 9:00:00 PM",f6efb480-66a4-475a-84b5-87515cc75e2e,0.3709755583198448,0.956304756,,,
"4/28/2017, 12:00:00 AM",283eebcb-d267-4a76-8179-a9b33fb87cf2,0.5282106990147101,0.961261696,,,
"4/28/2017, 12:00:00 AM",f6efb480-66a4-475a-84b5-87515cc75e2e,0.3695932723860134,0.965925826,,,
"4/28/2017, 3:00:00 AM",283eebcb-d267-4a76-8179-a9b33fb87cf2,0.5280408905582811,0.970295726,,,
"4/28/2017, 3:00:00 AM",f6efb480-66a4-475a-84b5-87515cc75e2e,0.3708028305325932,0.974370065,,,
"4/28/2017, 6:00:00 AM",283eebcb-d267-4a76-8179-a9b33fb87cf2,0.5267274188430526,0.978147601,,,
"4/28/2017, 6:00:00 AM",f6efb480-66a4-475a-84b5-87515cc75e2e,0.3709681763131514,0.981627183,,,
"4/28/2017, 9:00:00 AM",283eebcb-d267-4a76-8179-a9b33fb87cf2,0.52740929,0.984807753,,,
"4/28/2017, 9:00:00 AM",f6efb480-66a4-475a-84b5-87515cc75e2e,0.3702858412600547,0.987688341,,,
"4/28/2017, 12:00:00 PM",283eebcb-d267-4a76-8179-a9b33fb87cf2,0.5269294470520177,0.990268069,,,
"4/28/2017, 12:00:00 PM",f6efb480-66a4-475a-84b5-87515cc75e2e,0.36962373073059457,0.992546152,,,
"4/28/2017, 3:00:00 PM",283eebcb-d267-4a76-8179-a9b33fb87cf2,0.5292366773317417,0.994521895,,,
"4/28/2017, 3:00:00 PM",f6efb480-66a4-475a-84b5-87515cc75e2e,0.3699046542970745,0.996194698,,,
"4/28/2017, 6:00:00 PM",283eebcb-d267-4a76-8179-a9b33fb87cf2,0.5289972695565166,0.99756405,,,
"4/28/2017, 6:00:00 PM",f6efb480-66a4-475a-84b5-87515cc75e2e,0.36953388517033614,0.998629535,,,
"4/28/2017, 9:00:00 PM",283eebcb-d267-4a76-8179-a9b33fb87cf2,0.5279017298011319,0.999390827,,,
"4/28/2017, 9:00:00 PM",f6efb480-66a4-475a-84b5-87515cc75e2e,0.3692782862246763,0.999847695,,,
"4/29/2017, 12:00:00 AM",283eebcb-d267-4a76-8179-a9b33fb87cf2,0.5291246871027024,1,,,
"4/29/2017, 12:00:00 AM",f6efb480-66a4-475a-84b5-87515cc75e2e,0.36910909226223293,0.999847695,,,
"4/29/2017, 3:00:00 AM",283eebcb-d267-4a76-8179-a9b33fb87cf2,0.5288217362495481,0.999390827,,,
"4/29/2017, 3:00:00 AM",f6efb480-66a4-475a-84b5-87515cc75e2e,0.37128923399599156,0.998629535,,,
"4/29/2017, 6:00:00 AM",283eebcb-d267-4a76-8179-a9b33fb87cf2,0.5286335443582362,0.99756405,,,
"4/29/2017, 6:00:00 AM",f6efb480-66a4-475a-84b5-87515cc75e2e,0.3712452645711397,0.996194698,,,
"4/29/2017, 9:00:00 AM",283eebcb-d267-4a76-8179-a9b33fb87cf2,0.5286098464155369,0.994521895,,,
"4/29/2017, 9:00:00 AM",f6efb480-66a4-475a-84b5-87515cc75e2e,0.3717736922103142,0.992546152,,,
"4/29/2017, 12:00:00 PM",283eebcb-d267-4a76-8179-a9b33fb87cf2,0.5282832138919508,0.990268069,,,
"4/29/2017, 12:00:00 PM",f6efb480-66a4-475a-84b5-87515cc75e2e,0.3709486787243709,0.987688341,,,
"4/29/2017, 3:00:00 PM",283eebcb-d267-4a76-8179-a9b33fb87cf2,0.5280184754648612,0.984807753,,,
"4/29/2017, 3:00:00 PM",f6efb480-66a4-475a-84b5-87515cc75e2e,0.3721273729998787,0.981627183,,,
"4/29/2017, 6:00:00 PM",283eebcb-d267-4a76-8179-a9b33fb87cf2,0.5274616903228488,0.978147601,,,
"4/29/2017, 6:00:00 PM",f6efb480-66a4-475a-84b5-87515cc75e2e,0.3717998758736529,0.974370065,,,
"4/29/2017, 9:00:00 PM",283eebcb-d267-4a76-8179-a9b33fb87cf2,0.5291490616064402,0.970295726,,,
"4/29/2017, 9:00:00 PM",f6efb480-66a4-475a-84b5-87515cc75e2e,0.37246323489763933,0.965925826,,,
"4/30/2017, 12:00:00 AM",283eebcb-d267-4a76-8179-a9b33fb87cf2,0.5292801026979972,0.961261696,,,
"4/30/2017, 12:00:00 AM",f6efb480-66a4-475a-84b5-87515cc75e2e,0.370542222,0.956304756,,,
"4/30/2017, 3:00:00 AM",283eebcb-d267-4a76-8179-a9b33fb87cf2,0.5292016749540002,0.951056516,,,
"4/30/2017, 3:00:00 AM",f6efb480-66a4-475a-84b5-87515cc75e2e,0.36828164272402397,0.945518576,,,
"4/30/2017, 6:00:00 AM",283eebcb-d267-4a76-8179-a9b33fb87cf2,0.527599498,0.939692621,,,
"4/30/2017, 6:00:00 AM",f6efb480-66a4-475a-84b5-87515cc75e2e,0.36881120086846947,0.933580426,,,
"4/30/2017, 9:00:00 AM",283eebcb-d267-4a76-8179-a9b33fb87cf2,0.5266987468680008,0.927183855,,,
"4/30/2017, 9:00:00 AM",f6efb480-66a4-475a-84b5-87515cc75e2e,0.3713081809388627,0.920504853,,,
"4/30/2017, 12:00:00 PM",283eebcb-d267-4a76-8179-a9b33fb87cf2,0.5281497622095627,0.913545458,,,
"4/30/2017, 12:00:00 PM",f6efb480-66a4-475a-84b5-87515cc75e2e,0.37003257122510375,0.906307787,,,
"4/30/2017, 3:00:00 PM",283eebcb-d267-4a76-8179-a9b33fb87cf2,0.5276935060398024,0.898794046,,,
"4/30/2017, 3:00:00 PM",f6efb480-66a4-475a-84b5-87515cc75e2e,0.3720434330183641,0.891006524,,,
"4/30/2017, 6:00:00 PM",283eebcb-d267-4a76-8179-a9b33fb87cf2,0.5267653784917752,0.882947593,,,
"4/30/2017, 6:00:00 PM",f6efb480-66a4-475a-84b5-87515cc75e2e,0.3702740452167481,0.874619707,,,
"4/30/2017, 9:00:00 PM",283eebcb-d267-4a76-8179-a9b33fb87cf2,0.5275399222746356,0.866025404,,,
"4/30/2017, 9:00:00 PM",f6efb480-66a4-475a-84b5-87515cc75e2e,0.3666459128361962,0.857167301,,,
"5/1/2017, 12:00:00 AM",283eebcb-d267-4a76-8179-a9b33fb87cf2,0.5268706159530777,0.848048096,,,
"5/1/2017, 12:00:00 AM",f6efb480-66a4-475a-84b5-87515cc75e2e,0.36660198531622323,0.838670568,,,
